{
  "Id": "CyclopsAutoZapper",
  "DisplayName": "Cyclops Auto-Zappers",
  "Author": "PrimeSonic",
  "Version": "4.3.6",
  "Enable": true,
  "Game": "Subnautica",
  "AssemblyName": "CyclopsAutoZapper.dll",
  "Dependencies": [ "SMLHelper", "MoreCyclopsUpgrades" ],
  "LoadBefore": [ "MoreCyclopsUpgrades" ],
  "EntryMethod": "CyclopsAutoZapper.QPatch.Patch",
  "NexusId": { "Subnautica": "276" },
  "VersionChecker": { "LatestVersionURL": "https://raw.githubusercontent.com/PrimeSonic/PrimeSonicSubnauticaMods/master/CyclopsAutoZapper/mod.json" }
}