﻿{
    "Id": "VersionChecker",
    "DisplayName": "VersionChecker",
    "Author": "Tobey Blaber",
    "Version": "1.3.1.1",
    "AssemblyName": "Straitjacket.Subnautica.Mods.VersionChecker.QMod.dll",
    "Enable": true,
    "Game": "Subnautica",
    "VersionDependencies": {
        "SMLHelper": "2.9.7"
    },
    "VersionChecker": {
        "LatestVersionURL": "https://github.com/tobeyStraitjacket/VersionChecker/raw/master/VersionChecker/mod_SUBNAUTICA.json"
    },
    "NexusId": {
        "Subnautica": "467"
    }
}
