{
  "Colors": [
    {
      "r": 0.4392157,
      "g": 0.7529412,
      "b": 0.254901975,
      "a": 1.0
    },
    {
      "r": 0.2509804,
      "g": 0.7529412,
      "b": 0.5764706,
      "a": 1.0
    },
    {
      "r": 0.7019608,
      "g": 0.41568628,
      "b": 0.8862745,
      "a": 1.0
    },
    {
      "r": 0.8862745,
      "g": 0.4117647,
      "b": 0.819607854,
      "a": 1.0
    },
    {
      "r": 1.0,
      "g": 0.0,
      "b": 0.0,
      "a": 1.0
    },
    {
      "r": 1.0,
      "g": 0.647058845,
      "b": 0.0,
      "a": 1.0
    },
    {
      "r": 1.0,
      "g": 0.921568632,
      "b": 0.0156862754,
      "a": 1.0
    },
    {
      "r": 0.0,
      "g": 1.0,
      "b": 0.0,
      "a": 1.0
    },
    {
      "r": 0.0,
      "g": 1.0,
      "b": 1.0,
      "a": 1.0
    },
    {
      "r": 0.0,
      "g": 0.0,
      "b": 1.0,
      "a": 1.0
    },
    {
      "r": 0.5137255,
      "g": 0.0,
      "b": 1.0,
      "a": 1.0
    },
    {
      "r": 1.0,
      "g": 0.0,
      "b": 1.0,
      "a": 1.0
    },
    {
      "r": 1.0,
      "g": 1.0,
      "b": 1.0,
      "a": 1.0
    },
    {
      "r": 0.5,
      "g": 0.5,
      "b": 0.5,
      "a": 1.0
    },
    {
      "r": 0.235294119,
      "g": 0.235294119,
      "b": 0.235294119,
      "a": 1.0
    }
  ]
}