{
  "Id": "PrawnSuitGrapplingArmUpgrade",
  "DisplayName": "Prawn Suit Grappling Arm Upgrade",
  "Author": "zorgesho",
  "Version": "1.2.1",
  "Dependencies": [ "SMLHelper" ],
  "VersionDependencies": { "SMLHelper": "2.9.0" },
  "Enable": true,
  "Game": "Subnautica",
  "AssemblyName": "PrawnSuitGrapplingArmUpgrade.dll",
  "EntryMethod": "PrawnSuitGrapplingArmUpgrade.Main.patch",
  "UpdateCheck": true,
  "VersionURL": "https://raw.githubusercontent.com/zorgesho/SubnauticaMods/master/PrawnSuitGrapplingArmUpgrade/mod.SN.json"
}